1	2019-03-12 18:49:11.730524+00	2019-03-12 18:49:11.730539+00	verbose	f	f	8bbad474-bf62-4369-9be6-3827a4ae9407					1	0	0	1	2	\N		\N	
2	2019-03-12 18:49:11.735826+00	2019-03-12 18:49:11.735847+00	verbose	f	f	a528f2a2-0c7c-42ad-b347-ebfd7afe6f8b					3	0	2	3	2	\N		\N	
3	2019-03-12 18:49:11.740381+00	2019-03-12 18:49:11.740408+00	verbose	f	f	1b9dc54d-c36e-4e77-892d-ab4b3a7898b1					4	0	3	4	2	\N		\N	
4	2019-03-12 18:49:11.742787+00	2019-03-12 18:49:11.742812+00	verbose	f	f	47e4509f-b40e-4ab8-a8dd-cf81055abffa					2	0	1	2	2	\N		\N	
5	2019-03-12 18:49:11.779452+00	2019-03-12 18:49:11.779467+00	verbose	f	f	f1429414-612b-4777-9e8b-70e75c8883de					5	0	4	5	2	\N		\N	
6	2019-03-12 18:49:11.749929+00	2019-03-12 18:49:11.78913+00	playbook_on_stats	f	f	73c0407b-83d4-4841-b984-482759ec81a4	ping.yml				10	0	9	12	2	\N		\N	0dc09d04-3dee-4617-b423-2ff1100fb913
7	2019-03-12 18:49:11.792888+00	2019-03-12 18:49:11.792904+00	verbose	f	f	9af80ab0-3589-42c6-8947-66b96ed99711					6	0	5	6	2	\N		\N	
8	2019-03-12 18:49:11.747542+00	2019-03-12 18:49:11.794902+00	playbook_on_play_start	f	f	0242ac12-0005-7e0f-b7c2-000000000005	ping.yml	all			8	0	6	8	2	\N		\N	0dc09d04-3dee-4617-b423-2ff1100fb913
9	2019-03-12 18:49:11.694608+00	2019-03-12 18:49:11.832278+00	playbook_on_start	f	f	0dc09d04-3dee-4617-b423-2ff1100fb913	ping.yml				7	0	6	6	2	\N		\N	
10	2019-03-12 18:49:11.748364+00	2019-03-12 18:49:11.868255+00	playbook_on_no_hosts_matched	f	f	faa5e216-d527-4085-bc48-08953626d2df	ping.yml	all			9	0	8	9	2	\N		\N	0242ac12-0005-7e0f-b7c2-000000000005
11	2019-03-12 18:49:16.36321+00	2019-03-12 18:49:16.363234+00	verbose	f	f	7cda5f46-704a-4737-b481-557c6d7ab536					1	0	0	1	4	\N		\N	
12	2019-03-12 18:49:16.365779+00	2019-03-12 18:49:16.365794+00	verbose	f	f	c3b16d95-6481-409c-94ef-d7415a6d9fea					2	0	1	2	4	\N		\N	
13	2019-03-12 18:49:16.371431+00	2019-03-12 18:49:16.371453+00	verbose	f	f	8f97bc50-0c7d-40cc-9561-c56746fc12da					3	0	2	3	4	\N		\N	
14	2019-03-12 18:49:16.373367+00	2019-03-12 18:49:16.373382+00	verbose	f	f	4046accc-550e-45a2-accd-ceb76bf95df1					4	0	3	4	4	\N		\N	
15	2019-03-12 18:49:16.40887+00	2019-03-12 18:49:16.408892+00	verbose	f	f	61fe2d23-bec7-40a6-9fb7-2e8da1656f76					6	0	5	6	4	\N		\N	
16	2019-03-12 18:49:16.409147+00	2019-03-12 18:49:16.409166+00	verbose	f	f	a7513ede-a9e1-4b76-907d-8307d831ffef					5	0	4	5	4	\N		\N	
17	2019-03-12 18:49:16.38195+00	2019-03-12 18:49:16.449749+00	playbook_on_no_hosts_matched	f	f	1e46224a-4307-471b-9e5f-d8e90c90a17a	ping.yml	all			9	0	8	9	4	\N		\N	0242ac12-0005-4404-c98d-000000000005
18	2019-03-12 18:49:16.335948+00	2019-03-12 18:49:16.449735+00	playbook_on_start	f	f	43defbb3-7d01-401b-95be-a3b2a82729bd	ping.yml				7	0	6	6	4	\N		\N	
19	2019-03-12 18:49:16.381251+00	2019-03-12 18:49:16.481051+00	playbook_on_play_start	f	f	0242ac12-0005-4404-c98d-000000000005	ping.yml	all			8	0	6	8	4	\N		\N	43defbb3-7d01-401b-95be-a3b2a82729bd
20	2019-03-12 18:49:16.383412+00	2019-03-12 18:49:16.509762+00	playbook_on_stats	f	f	1720ecee-cc21-4c07-b07f-6deffd25a9d1	ping.yml				10	0	9	12	4	\N		\N	43defbb3-7d01-401b-95be-a3b2a82729bd
21	2019-03-12 18:49:21.005613+00	2019-03-12 18:49:21.005628+00	verbose	f	f	317b96c6-5dee-43b2-85e2-41fc1e03a2b6					1	0	0	1	5	\N		\N	
22	2019-03-12 18:49:21.009423+00	2019-03-12 18:49:21.009438+00	verbose	f	f	bb191e6f-1567-4643-8b24-b2b03aa19773					2	0	1	2	5	\N		\N	
23	2019-03-12 18:49:21.009255+00	2019-03-12 18:49:21.009279+00	verbose	f	f	d390e74c-2963-47e7-98ba-972d11a70f9c					3	0	2	3	5	\N		\N	
24	2019-03-12 18:49:21.013557+00	2019-03-12 18:49:21.013572+00	verbose	f	f	3c3e6f42-5920-41f7-88b8-a639014443b5					4	0	3	4	5	\N		\N	
25	2019-03-12 18:49:21.042758+00	2019-03-12 18:49:21.042772+00	verbose	f	f	a1ab464b-7c2f-44c4-b384-09eb12ec11d9					5	0	4	5	5	\N		\N	
26	2019-03-12 18:49:21.053637+00	2019-03-12 18:49:21.053661+00	verbose	f	f	70624b53-f562-48de-ab6d-6ae0a3964c8d					6	0	5	6	5	\N		\N	
27	2019-03-12 18:49:21.022887+00	2019-03-12 18:49:21.05586+00	playbook_on_no_hosts_matched	f	f	6e3e25ed-36a6-4ded-989e-080681aa3b73	ping.yml	all			9	0	8	9	5	\N		\N	0242ac12-0005-3743-e4c1-000000000005
28	2019-03-12 18:49:20.975908+00	2019-03-12 18:49:21.075825+00	playbook_on_start	f	f	289aadeb-f154-4dd9-b623-e0d428abeab4	ping.yml				7	0	6	6	5	\N		\N	
29	2019-03-12 18:49:21.022182+00	2019-03-12 18:49:21.088794+00	playbook_on_play_start	f	f	0242ac12-0005-3743-e4c1-000000000005	ping.yml	all			8	0	6	8	5	\N		\N	289aadeb-f154-4dd9-b623-e0d428abeab4
30	2019-03-12 18:49:21.024322+00	2019-03-12 18:49:21.11831+00	playbook_on_stats	f	f	1588a7af-3c90-41e1-8838-d6c53037573d	ping.yml				10	0	9	12	5	\N		\N	289aadeb-f154-4dd9-b623-e0d428abeab4
31	2019-03-12 18:49:25.605377+00	2019-03-12 18:49:25.605392+00	verbose	f	f	05d9ad49-3381-4386-b30b-cc5facaf2204					2	0	1	2	6	\N		\N	
32	2019-03-12 18:49:25.606786+00	2019-03-12 18:49:25.606811+00	verbose	f	f	9d19856b-03d5-4fa8-b4f0-a5347ef85bc3					3	0	2	3	6	\N		\N	
33	2019-03-12 18:49:25.608644+00	2019-03-12 18:49:25.608658+00	verbose	f	f	f7d3e391-a97a-46c6-88b5-e92e575e6b42					4	0	3	4	6	\N		\N	
34	2019-03-12 18:49:25.61167+00	2019-03-12 18:49:25.611684+00	verbose	f	f	57916510-ed60-46fe-bfc6-e518e6c3a716					1	0	0	1	6	\N		\N	
35	2019-03-12 18:49:25.646863+00	2019-03-12 18:49:25.646885+00	verbose	f	f	08c72988-133d-4bd7-886e-bb2eafc448de					5	0	4	5	6	\N		\N	
36	2019-03-12 18:49:25.647512+00	2019-03-12 18:49:25.647533+00	verbose	f	f	1321f062-a8fa-4877-848f-3d094cad3c26					6	0	5	6	6	\N		\N	
37	2019-03-12 18:49:25.627264+00	2019-03-12 18:49:25.648658+00	playbook_on_play_start	f	f	0242ac12-0005-2e49-0507-000000000005	ping.yml	all			8	0	6	8	6	\N		\N	97e4340a-38b3-4f50-a019-3557f9c89198
38	2019-03-12 18:49:25.57521+00	2019-03-12 18:49:25.685008+00	playbook_on_start	f	f	97e4340a-38b3-4f50-a019-3557f9c89198	ping.yml				7	0	6	6	6	\N		\N	
39	2019-03-12 18:49:25.627901+00	2019-03-12 18:49:25.688511+00	playbook_on_no_hosts_matched	f	f	969c4903-3bbe-4277-94b6-45a44f0be189	ping.yml	all			9	0	8	9	6	\N		\N	0242ac12-0005-2e49-0507-000000000005
40	2019-03-12 18:49:25.629243+00	2019-03-12 18:49:25.720908+00	playbook_on_stats	f	f	8ae82ca4-b418-4dfe-b4a7-48ba5580503d	ping.yml				10	0	9	12	6	\N		\N	97e4340a-38b3-4f50-a019-3557f9c89198
41	2019-03-12 18:49:31.496137+00	2019-03-12 18:49:31.496158+00	verbose	f	f	21e7a333-8a49-4cc4-8c83-b1d5fcc5b33a					1	0	0	1	7	\N		\N	
42	2019-03-12 18:49:31.500439+00	2019-03-12 18:49:31.500454+00	verbose	f	f	a7cdd6d4-c7c9-4ca3-abd7-f7f859eace1a					4	0	3	4	7	\N		\N	
43	2019-03-12 18:49:31.500523+00	2019-03-12 18:49:31.500545+00	verbose	f	f	4dc47685-0520-4af9-81ac-bda5092bbad2					3	0	2	3	7	\N		\N	
44	2019-03-12 18:49:31.507844+00	2019-03-12 18:49:31.507859+00	verbose	f	f	36a5e6f5-557e-4e8e-ba73-c13a3798a4c2					2	0	1	2	7	\N		\N	
45	2019-03-12 18:49:31.537204+00	2019-03-12 18:49:31.537219+00	verbose	f	f	b285335e-ae72-4b2b-b1c4-accfb4bf0b83					5	0	4	5	7	\N		\N	
46	2019-03-12 18:49:31.450834+00	2019-03-12 18:49:31.541669+00	playbook_on_start	f	f	4526cd6d-7a1d-48d2-94a2-007c84afdf19	ping.yml				7	0	6	6	7	\N		\N	
47	2019-03-12 18:49:31.509494+00	2019-03-12 18:49:31.544247+00	playbook_on_no_hosts_matched	f	f	d08fd855-db65-41e2-9396-83f5f3edb120	ping.yml	all			9	0	8	9	7	\N		\N	0242ac12-0005-a2be-c841-000000000005
48	2019-03-12 18:49:31.508783+00	2019-03-12 18:49:31.580446+00	playbook_on_play_start	f	f	0242ac12-0005-a2be-c841-000000000005	ping.yml	all			8	0	6	8	7	\N		\N	4526cd6d-7a1d-48d2-94a2-007c84afdf19
49	2019-03-12 18:49:31.622091+00	2019-03-12 18:49:31.622106+00	verbose	f	f	40a9f898-9c89-4e39-9edb-18cf70268925					6	0	5	6	7	\N		\N	
50	2019-03-12 18:49:31.510782+00	2019-03-12 18:49:31.657851+00	playbook_on_stats	f	f	91b6eae2-4f34-4017-9c50-cd4c46269317	ping.yml				10	0	9	12	7	\N		\N	4526cd6d-7a1d-48d2-94a2-007c84afdf19
51	2019-03-12 18:49:36.457955+00	2019-03-12 18:49:36.457972+00	verbose	f	f	28892eae-d3cf-417b-bf94-3be8925caa8f					1	0	0	1	8	\N		\N	
52	2019-03-12 18:49:36.460122+00	2019-03-12 18:49:36.460146+00	verbose	f	f	c32f3cf4-6e90-4b6e-a460-40d504dba2c7					2	0	1	2	8	\N		\N	
53	2019-03-12 18:49:36.462662+00	2019-03-12 18:49:36.462676+00	verbose	f	f	0287ad66-628a-4bf8-b963-d9a2380852cb					3	0	2	3	8	\N		\N	
54	2019-03-12 18:49:36.465051+00	2019-03-12 18:49:36.46508+00	verbose	f	f	901c34a8-d44f-4afb-b86e-e7d98a7ca1b2					4	0	3	4	8	\N		\N	
55	2019-03-12 18:49:36.508507+00	2019-03-12 18:49:36.508521+00	verbose	f	f	126aecfb-08b1-4ceb-89c9-5e1dc21105f0					5	0	4	5	8	\N		\N	
56	2019-03-12 18:49:36.479341+00	2019-03-12 18:49:36.508857+00	playbook_on_stats	f	f	f57f1d51-9052-47ad-bd64-da50b47e0248	ping.yml				10	0	9	12	8	\N		\N	f77dac36-fcf7-48ea-9b15-0b9647607d7a
57	2019-03-12 18:49:36.511437+00	2019-03-12 18:49:36.511459+00	verbose	f	f	f96d4f95-e9fa-48e4-a93e-b4a72791044e					6	0	5	6	8	\N		\N	
58	2019-03-12 18:49:36.476185+00	2019-03-12 18:49:36.544201+00	playbook_on_play_start	f	f	0242ac12-0005-8714-700f-000000000005	ping.yml	all			8	0	6	8	8	\N		\N	f77dac36-fcf7-48ea-9b15-0b9647607d7a
59	2019-03-12 18:49:36.422069+00	2019-03-12 18:49:36.551086+00	playbook_on_start	f	f	f77dac36-fcf7-48ea-9b15-0b9647607d7a	ping.yml				7	0	6	6	8	\N		\N	
60	2019-03-12 18:49:36.476955+00	2019-03-12 18:49:36.589691+00	playbook_on_no_hosts_matched	f	f	0f3f4b7c-3239-4979-b0bc-508d54e1b3ee	ping.yml	all			9	0	8	9	8	\N		\N	0242ac12-0005-8714-700f-000000000005
61	2019-03-12 18:49:41.366128+00	2019-03-12 18:49:41.366143+00	verbose	f	f	a79aa43e-dca0-4e06-89de-d43f34c3b0c0					1	0	0	1	9	\N		\N	
62	2019-03-12 18:49:41.368945+00	2019-03-12 18:49:41.368969+00	verbose	f	f	c4ddcdc2-739b-4cab-8b49-e7c1d4980541					2	0	1	2	9	\N		\N	
63	2019-03-12 18:49:41.370901+00	2019-03-12 18:49:41.370922+00	verbose	f	f	4a7d8060-bbbe-4c50-b2ff-f378f713aee3					4	0	3	4	9	\N		\N	
64	2019-03-12 18:49:41.372238+00	2019-03-12 18:49:41.372261+00	verbose	f	f	2ee60d54-a8c5-43dc-8335-c0e4258a363d					3	0	2	3	9	\N		\N	
65	2019-03-12 18:49:41.413201+00	2019-03-12 18:49:41.413217+00	verbose	f	f	acf6e932-486d-4cff-a4df-efef6758851b					6	0	5	6	9	\N		\N	
66	2019-03-12 18:49:41.415449+00	2019-03-12 18:49:41.415464+00	verbose	f	f	2002bcaf-8fbe-45b9-81b2-adb352611dc2					5	0	4	5	9	\N		\N	
67	2019-03-12 18:49:41.334544+00	2019-03-12 18:49:41.420195+00	playbook_on_start	f	f	9bb07fd6-6f01-4a6a-af3f-818e7d83cbb6	ping.yml				7	0	6	6	9	\N		\N	
68	2019-03-12 18:49:41.384696+00	2019-03-12 18:49:41.446092+00	playbook_on_play_start	f	f	0242ac12-0005-59ab-a14f-000000000005	ping.yml	all			8	0	6	8	9	\N		\N	9bb07fd6-6f01-4a6a-af3f-818e7d83cbb6
69	2019-03-12 18:49:41.38541+00	2019-03-12 18:49:41.448674+00	playbook_on_no_hosts_matched	f	f	96bab59e-8dd6-43d1-8232-46c2f19f70a0	ping.yml	all			9	0	8	9	9	\N		\N	0242ac12-0005-59ab-a14f-000000000005
70	2019-03-12 18:49:41.386423+00	2019-03-12 18:49:41.477009+00	playbook_on_stats	f	f	52b34382-e700-4ec9-ae14-01ad85141045	ping.yml				10	0	9	12	9	\N		\N	9bb07fd6-6f01-4a6a-af3f-818e7d83cbb6
71	2019-03-12 18:49:46.275255+00	2019-03-12 18:49:46.275283+00	verbose	f	f	126a060a-a101-461b-8387-d00bc302485b					1	0	0	1	10	\N		\N	
72	2019-03-12 18:49:46.279508+00	2019-03-12 18:49:46.279523+00	verbose	f	f	89bd8cdf-30cb-413a-82a5-11ef11dc2a7a					3	0	2	3	10	\N		\N	
73	2019-03-12 18:49:46.279961+00	2019-03-12 18:49:46.279975+00	verbose	f	f	df27221b-6609-4190-8fa0-347e96b1d970					2	0	1	2	10	\N		\N	
74	2019-03-12 18:49:46.28559+00	2019-03-12 18:49:46.285617+00	verbose	f	f	7f2c9eb3-bc87-4e91-8548-0e1baf55e34a					4	0	3	4	10	\N		\N	
75	2019-03-12 18:49:46.321715+00	2019-03-12 18:49:46.321739+00	verbose	f	f	991ff5bd-0b7d-40c7-9100-504db591b622					5	0	4	5	10	\N		\N	
76	2019-03-12 18:49:46.295351+00	2019-03-12 18:49:46.324498+00	playbook_on_play_start	f	f	0242ac12-0005-f1cc-9823-000000000005	ping.yml	all			8	0	6	8	10	\N		\N	d89f03e3-9844-4c8f-908f-ee77a9e4f5af
77	2019-03-12 18:49:46.334558+00	2019-03-12 18:49:46.334572+00	verbose	f	f	e0795204-75e8-4834-8e06-61a3722494c9					6	0	5	6	10	\N		\N	
78	2019-03-12 18:49:46.241096+00	2019-03-12 18:49:46.358564+00	playbook_on_start	f	f	d89f03e3-9844-4c8f-908f-ee77a9e4f5af	ping.yml				7	0	6	6	10	\N		\N	
79	2019-03-12 18:49:46.295976+00	2019-03-12 18:49:46.390581+00	playbook_on_no_hosts_matched	f	f	81bc3b2d-c9d1-40d8-9318-b9d58fbeedc7	ping.yml	all			9	0	8	9	10	\N		\N	0242ac12-0005-f1cc-9823-000000000005
80	2019-03-12 18:49:46.297695+00	2019-03-12 18:49:46.42548+00	playbook_on_stats	f	f	5aacbc6b-8ed0-4f69-a1ca-91cba773cebf	ping.yml				10	0	9	12	10	\N		\N	d89f03e3-9844-4c8f-908f-ee77a9e4f5af
81	2019-03-12 18:49:50.989709+00	2019-03-12 18:49:50.989725+00	verbose	f	f	5d54970b-ede4-4e48-b21e-19db7dc9ea10					1	0	0	1	11	\N		\N	
82	2019-03-12 18:49:50.990752+00	2019-03-12 18:49:50.990775+00	verbose	f	f	3e5de742-8eef-4ca9-875f-b4b0926b7794					2	0	1	2	11	\N		\N	
83	2019-03-12 18:49:50.991223+00	2019-03-12 18:49:50.991247+00	verbose	f	f	ce82d3de-7b21-42b5-b899-304c1d4de7ee					4	0	3	4	11	\N		\N	
84	2019-03-12 18:49:50.99225+00	2019-03-12 18:49:50.992264+00	verbose	f	f	1c7809b7-af66-4e48-815f-762c04e96f98					3	0	2	3	11	\N		\N	
85	2019-03-12 18:49:51.037069+00	2019-03-12 18:49:51.037085+00	verbose	f	f	38c9d394-a99d-41a2-9696-1292480408c7					5	0	4	5	11	\N		\N	
86	2019-03-12 18:49:51.039629+00	2019-03-12 18:49:51.039643+00	verbose	f	f	d63e1d9f-b711-446e-aa18-80e2f0ea27a3					6	0	5	6	11	\N		\N	
87	2019-03-12 18:49:50.950524+00	2019-03-12 18:49:51.041864+00	playbook_on_start	f	f	93300a34-4687-47cb-be08-f4d385e35209	ping.yml				7	0	6	6	11	\N		\N	
88	2019-03-12 18:49:51.001848+00	2019-03-12 18:49:51.078937+00	playbook_on_stats	f	f	a1a96e68-2e29-4b5f-88c8-46fe870ffcb6	ping.yml				10	0	9	12	11	\N		\N	93300a34-4687-47cb-be08-f4d385e35209
89	2019-03-12 18:49:51.000054+00	2019-03-12 18:49:51.079891+00	playbook_on_play_start	f	f	0242ac12-0005-8ba4-176e-000000000005	ping.yml	all			8	0	6	8	11	\N		\N	93300a34-4687-47cb-be08-f4d385e35209
90	2019-03-12 18:49:51.000742+00	2019-03-12 18:49:51.110607+00	playbook_on_no_hosts_matched	f	f	2e20632e-6f46-4420-babe-a579ac026201	ping.yml	all			9	0	8	9	11	\N		\N	0242ac12-0005-8ba4-176e-000000000005
91	2019-03-12 18:49:55.698617+00	2019-03-12 18:49:55.698642+00	verbose	f	f	74d66e75-e09b-42ab-bf4e-dd71ecbcce29					2	0	1	2	12	\N		\N	
92	2019-03-12 18:49:55.703329+00	2019-03-12 18:49:55.703352+00	verbose	f	f	aeed25a1-7fbb-4166-9402-964feefa6218					3	0	2	3	12	\N		\N	
93	2019-03-12 18:49:55.703335+00	2019-03-12 18:49:55.703358+00	verbose	f	f	11e178b8-da7a-40c6-b025-344c459d62a6					1	0	0	1	12	\N		\N	
94	2019-03-12 18:49:55.703972+00	2019-03-12 18:49:55.703993+00	verbose	f	f	1121d797-bc6e-417f-ac1b-dd3e32effe02					4	0	3	4	12	\N		\N	
95	2019-03-12 18:49:55.744365+00	2019-03-12 18:49:55.74438+00	verbose	f	f	9c5e5130-0c29-40bb-959c-06581be0d286					6	0	5	6	12	\N		\N	
96	2019-03-12 18:49:55.75206+00	2019-03-12 18:49:55.752084+00	verbose	f	f	e3720acd-0113-4f55-ab0d-cdfca128b901					5	0	4	5	12	\N		\N	
97	2019-03-12 18:49:55.718488+00	2019-03-12 18:49:55.760729+00	playbook_on_no_hosts_matched	f	f	4ac5483b-5163-4df7-a015-447b2492843f	ping.yml	all			9	0	8	9	12	\N		\N	0242ac12-0005-56a6-cefc-000000000005
98	2019-03-12 18:49:55.661391+00	2019-03-12 18:49:55.786824+00	playbook_on_start	f	f	97d0745b-e507-4ff3-abc4-894c3f376ae1	ping.yml				7	0	6	6	12	\N		\N	
99	2019-03-12 18:49:55.719926+00	2019-03-12 18:49:55.799704+00	playbook_on_stats	f	f	ac76bb2d-d2fc-4c19-a4a0-0a0e0253ecd3	ping.yml				10	0	9	12	12	\N		\N	97d0745b-e507-4ff3-abc4-894c3f376ae1
100	2019-03-12 18:49:55.717748+00	2019-03-12 18:49:55.821795+00	playbook_on_play_start	f	f	0242ac12-0005-56a6-cefc-000000000005	ping.yml	all			8	0	6	8	12	\N		\N	97d0745b-e507-4ff3-abc4-894c3f376ae1
101	2019-03-12 19:11:05.681328+00	2019-03-12 19:11:05.681355+00	verbose	f	f	37b135e6-ef72-4591-9e82-ee7e8a5e5922					3	0	2	3	23	\N		\N	
102	2019-03-12 19:11:05.680654+00	2019-03-12 19:11:05.680679+00	verbose	f	f	b3b77640-fd90-4a3e-bec6-0056b1f73f74					2	0	1	2	23	\N		\N	
103	2019-03-12 19:11:05.682935+00	2019-03-12 19:11:05.68297+00	verbose	f	f	434d93ee-e5aa-4d1b-a998-a9150cc46f42					4	0	3	4	23	\N		\N	
104	2019-03-12 19:11:05.68682+00	2019-03-12 19:11:05.686835+00	verbose	f	f	2144d2b6-8f7c-4bb5-ad56-8b50f8f143a3					1	0	0	1	23	\N		\N	
105	2019-03-12 19:11:05.736526+00	2019-03-12 19:11:05.736552+00	verbose	f	f	51c52387-2e4d-4268-9bc4-eca2e3e488ff					6	0	5	6	23	\N		\N	
106	2019-03-12 19:11:05.693052+00	2019-03-12 19:11:05.738116+00	playbook_on_no_hosts_matched	f	f	41608b35-fa24-4ac1-b2fc-dbda352ca967	gather_facts.yml	all			9	0	8	9	23	\N		\N	0242ac12-0005-6ab5-6ce4-000000000005
107	2019-03-12 19:11:05.694576+00	2019-03-12 19:11:05.739134+00	playbook_on_stats	f	f	254ea2a7-383c-40dc-bfd4-12e5f114f2f2	gather_facts.yml				10	0	9	12	23	\N		\N	432eb424-40af-4d04-b5f5-b0aa5d0770bc
108	2019-03-12 19:11:05.745136+00	2019-03-12 19:11:05.74516+00	verbose	f	f	33665d8b-b57f-444d-9b9d-4b28545d79ce					5	0	4	5	23	\N		\N	
109	2019-03-12 19:11:05.692177+00	2019-03-12 19:11:05.785135+00	playbook_on_play_start	f	f	0242ac12-0005-6ab5-6ce4-000000000005	gather_facts.yml	all			8	0	6	8	23	\N		\N	432eb424-40af-4d04-b5f5-b0aa5d0770bc
110	2019-03-12 19:11:05.632367+00	2019-03-12 19:11:05.789283+00	playbook_on_start	f	f	432eb424-40af-4d04-b5f5-b0aa5d0770bc	gather_facts.yml				7	0	6	6	23	\N		\N	
111	2019-03-12 19:11:09.035599+00	2019-03-12 19:11:09.035624+00	verbose	f	f	f9030772-48e1-4cf1-8614-7bec60206744					1	0	0	1	24	\N		\N	
112	2019-03-12 19:11:09.03618+00	2019-03-12 19:11:09.036202+00	verbose	f	f	38d04eea-39df-4e5b-9e8d-9a107d6e77a5					2	0	1	2	24	\N		\N	
113	2019-03-12 19:11:09.042529+00	2019-03-12 19:11:09.042555+00	verbose	f	f	3d7026a5-86be-42a9-b3d1-8d17fa280877					3	0	2	3	24	\N		\N	
114	2019-03-12 19:11:09.045127+00	2019-03-12 19:11:09.045149+00	verbose	f	f	bec6fbb2-e266-4fc1-88bb-610d2083a212					4	0	3	4	24	\N		\N	
115	2019-03-12 19:11:09.083065+00	2019-03-12 19:11:09.083089+00	verbose	f	f	2e07a878-80a1-4ee5-a53c-f4daebeac9e3					5	0	4	5	24	\N		\N	
116	2019-03-12 19:11:09.087855+00	2019-03-12 19:11:09.087871+00	verbose	f	f	a22d7f10-edc9-4129-ae8b-72f8b3315512					6	0	5	6	24	\N		\N	
117	2019-03-12 19:11:09.055002+00	2019-03-12 19:11:09.121494+00	playbook_on_stats	f	f	5c79c354-aaf0-45a2-90ae-7257448bc2ca	ping.yml				10	0	9	12	24	\N		\N	dc27158a-2589-4806-bbc3-211ef35d2ac5
118	2019-03-12 19:11:08.997799+00	2019-03-12 19:11:09.121762+00	playbook_on_start	f	f	dc27158a-2589-4806-bbc3-211ef35d2ac5	ping.yml				7	0	6	6	24	\N		\N	
119	2019-03-12 19:11:09.052874+00	2019-03-12 19:11:09.153135+00	playbook_on_play_start	f	f	0242ac12-0005-7623-b998-000000000005	ping.yml	all			8	0	6	8	24	\N		\N	dc27158a-2589-4806-bbc3-211ef35d2ac5
120	2019-03-12 19:11:09.053608+00	2019-03-12 19:11:09.186515+00	playbook_on_no_hosts_matched	f	f	afbc57f0-900f-4ffa-8dcf-67fa8b9022d1	ping.yml	all			9	0	8	9	24	\N		\N	0242ac12-0005-7623-b998-000000000005
121	2019-03-12 19:11:11.965123+00	2019-03-12 19:11:11.965146+00	verbose	f	f	f88c614a-3ec8-4aca-818e-f9da14b72eb8					1	0	0	1	25	\N		\N	
122	2019-03-12 19:11:11.969386+00	2019-03-12 19:11:11.96941+00	verbose	f	f	78560202-05ff-4093-8a4e-39626764f028					2	0	1	2	25	\N		\N	
123	2019-03-12 19:11:11.97101+00	2019-03-12 19:11:11.971025+00	verbose	f	f	129a1775-f275-48ee-9094-56fcc4d4e619					3	0	2	3	25	\N		\N	
124	2019-03-12 19:11:11.973891+00	2019-03-12 19:11:11.973905+00	verbose	f	f	6818beab-d401-43b1-b800-9c30f5cc5415					4	0	3	4	25	\N		\N	
125	2019-03-12 19:11:11.979639+00	2019-03-12 19:11:12.014116+00	playbook_on_play_start	f	f	0242ac12-0005-e416-cf56-000000000005	cat_file.yml	all			8	0	6	8	25	\N		\N	f0ad5890-3111-4315-8976-672de78c0527
126	2019-03-12 19:11:11.98045+00	2019-03-12 19:11:12.014143+00	playbook_on_no_hosts_matched	f	f	5545cdd1-401d-4dcc-a4ef-700706132734	cat_file.yml	all			9	0	8	9	25	\N		\N	0242ac12-0005-e416-cf56-000000000005
127	2019-03-12 19:11:12.015462+00	2019-03-12 19:11:12.015489+00	verbose	f	f	6d23e788-a340-415b-9227-ddc369a90b24					6	0	5	6	25	\N		\N	
128	2019-03-12 19:11:12.020194+00	2019-03-12 19:11:12.020216+00	verbose	f	f	b49d36f0-c11d-4317-8bfd-0f4d2567daf0					5	0	4	5	25	\N		\N	
129	2019-03-12 19:11:11.933613+00	2019-03-12 19:11:12.050508+00	playbook_on_start	f	f	f0ad5890-3111-4315-8976-672de78c0527	cat_file.yml				7	0	6	6	25	\N		\N	
130	2019-03-12 19:11:11.981921+00	2019-03-12 19:11:12.080763+00	playbook_on_stats	f	f	5bfc6f02-16f9-4013-8680-1e1495a48d43	cat_file.yml				10	0	9	12	25	\N		\N	f0ad5890-3111-4315-8976-672de78c0527
131	2019-03-12 19:11:21.9555+00	2019-03-12 19:11:21.955528+00	verbose	f	f	43d171c9-2efe-4c9a-a593-6dd03fb78d31					4	0	3	4	30	\N		\N	
132	2019-03-12 19:11:21.959048+00	2019-03-12 19:11:21.959073+00	verbose	f	f	2fd914aa-b428-440e-bb78-e0d501f34cb8					2	0	1	2	30	\N		\N	
133	2019-03-12 19:11:21.959243+00	2019-03-12 19:11:21.959265+00	verbose	f	f	d2325664-1128-4a7d-ab1d-8a4f34e00233					3	0	2	3	30	\N		\N	
134	2019-03-12 19:11:21.97012+00	2019-03-12 19:11:21.970143+00	verbose	f	f	6f309f73-a6c6-47e7-a880-fdb951d7e760					1	0	0	1	30	\N		\N	
135	2019-03-12 19:11:21.920249+00	2019-03-12 19:11:22.004103+00	playbook_on_start	f	f	bc859b1a-c67b-4591-bab1-d7d494d06495	gather_facts.yml				7	0	6	6	30	\N		\N	
136	2019-03-12 19:11:21.973011+00	2019-03-12 19:11:22.005201+00	playbook_on_no_hosts_matched	f	f	4d707167-c104-4d87-9929-3c583e03dac6	gather_facts.yml	all			9	0	8	9	30	\N		\N	0242ac12-0005-1aed-a4e2-000000000005
137	2019-03-12 19:11:22.006298+00	2019-03-12 19:11:22.006312+00	verbose	f	f	f7848be9-fd7b-4410-926d-c49381cd07c2					6	0	5	6	30	\N		\N	
138	2019-03-12 19:11:22.02018+00	2019-03-12 19:11:22.020206+00	verbose	f	f	8f0e7696-8080-4cff-893e-1aaf4f152ab8					5	0	4	5	30	\N		\N	
139	2019-03-12 19:11:21.972512+00	2019-03-12 19:11:22.040431+00	playbook_on_play_start	f	f	0242ac12-0005-1aed-a4e2-000000000005	gather_facts.yml	all			8	0	6	8	30	\N		\N	bc859b1a-c67b-4591-bab1-d7d494d06495
140	2019-03-12 19:11:21.974513+00	2019-03-12 19:11:22.082699+00	playbook_on_stats	f	f	c4db1900-463b-4af8-ad18-e351596dac0d	gather_facts.yml				10	0	9	12	30	\N		\N	bc859b1a-c67b-4591-bab1-d7d494d06495
141	2019-03-12 19:11:24.681413+00	2019-03-12 19:11:24.681428+00	verbose	f	f	b2a2387a-e8c5-440d-94b7-e3d3f25efcaf					4	0	3	4	31	\N		\N	
142	2019-03-12 19:11:24.683938+00	2019-03-12 19:11:24.683954+00	verbose	f	f	8371b68a-2e5c-467b-8780-8946c4aa31ba					2	0	1	2	31	\N		\N	
143	2019-03-12 19:11:24.695811+00	2019-03-12 19:11:24.695834+00	verbose	f	f	55104d37-4620-48c7-9e6d-d82191d7f8ff					1	0	0	1	31	\N		\N	
144	2019-03-12 19:11:24.710143+00	2019-03-12 19:11:24.710167+00	verbose	f	f	654e6330-7be8-46e7-b278-7b186bd2a162					3	0	2	3	31	\N		\N	
145	2019-03-12 19:11:24.731432+00	2019-03-12 19:11:24.731455+00	verbose	f	f	1a264142-c2a5-48ef-bf38-a9d059bc33d9					6	0	5	6	31	\N		\N	
146	2019-03-12 19:11:24.705055+00	2019-03-12 19:11:24.735091+00	playbook_on_play_start	f	f	0242ac12-0005-151b-ea0d-000000000005	ping.yml	all			8	0	6	8	31	\N		\N	6d913ec6-801a-434c-b1cf-bb1cd13f60ab
147	2019-03-12 19:11:24.741+00	2019-03-12 19:11:24.741024+00	verbose	f	f	1e3a0253-a69d-4da5-bcdc-90429b6ef2e5					5	0	4	5	31	\N		\N	
148	2019-03-12 19:11:24.642181+00	2019-03-12 19:11:24.771661+00	playbook_on_start	f	f	6d913ec6-801a-434c-b1cf-bb1cd13f60ab	ping.yml				7	0	6	6	31	\N		\N	
149	2019-03-12 19:11:24.707388+00	2019-03-12 19:11:24.774707+00	playbook_on_stats	f	f	f9d862b6-fde9-4cd8-a31b-692003f8b049	ping.yml				10	0	9	12	31	\N		\N	6d913ec6-801a-434c-b1cf-bb1cd13f60ab
150	2019-03-12 19:11:24.705849+00	2019-03-12 19:11:24.81068+00	playbook_on_no_hosts_matched	f	f	61f3a65b-4262-4c8e-9653-71e6a7f6eb6f	ping.yml	all			9	0	8	9	31	\N		\N	0242ac12-0005-151b-ea0d-000000000005
151	2019-03-12 19:11:27.618752+00	2019-03-12 19:11:27.618767+00	verbose	f	f	c80ca312-e47c-48f3-b302-2a3e5a918cca					1	0	0	1	32	\N		\N	
152	2019-03-12 19:11:27.621995+00	2019-03-12 19:11:27.622018+00	verbose	f	f	30a2bd71-bb1e-4d30-a4a8-8634145d152b					2	0	1	2	32	\N		\N	
153	2019-03-12 19:11:27.62476+00	2019-03-12 19:11:27.624784+00	verbose	f	f	f4e5545a-f23b-4ea8-8a07-998b9e12d98a					3	0	2	3	32	\N		\N	
154	2019-03-12 19:11:27.627065+00	2019-03-12 19:11:27.62708+00	verbose	f	f	58016bed-6952-4ae0-8b93-ba9ec4e8a85c					4	0	3	4	32	\N		\N	
155	2019-03-12 19:11:27.669235+00	2019-03-12 19:11:27.669249+00	verbose	f	f	98dc2298-9d44-48bd-9664-d286ca315fdf					5	0	4	5	32	\N		\N	
156	2019-03-12 19:11:27.670447+00	2019-03-12 19:11:27.670461+00	verbose	f	f	9a878878-4391-492b-a246-19f62a2d7a7d					6	0	5	6	32	\N		\N	
157	2019-03-12 19:11:27.585988+00	2019-03-12 19:11:27.676934+00	playbook_on_start	f	f	0191255e-4298-4067-a13b-005633bda7ea	cat_file.yml				7	0	6	6	32	\N		\N	
158	2019-03-12 19:11:27.637115+00	2019-03-12 19:11:27.677399+00	playbook_on_play_start	f	f	0242ac12-0005-62e7-d207-000000000005	cat_file.yml	all			8	0	6	8	32	\N		\N	0191255e-4298-4067-a13b-005633bda7ea
159	2019-03-12 19:11:27.637718+00	2019-03-12 19:11:27.712497+00	playbook_on_no_hosts_matched	f	f	16486cd1-4f83-410e-8777-81df7c003463	cat_file.yml	all			9	0	8	9	32	\N		\N	0242ac12-0005-62e7-d207-000000000005
160	2019-03-12 19:11:27.639555+00	2019-03-12 19:11:27.717447+00	playbook_on_stats	f	f	04350f95-6e3d-4c9a-b3af-661e575629a1	cat_file.yml				10	0	9	12	32	\N		\N	0191255e-4298-4067-a13b-005633bda7ea
161	2019-03-12 19:11:37.166904+00	2019-03-12 19:11:37.166918+00	verbose	f	f	3c8c4ea0-905b-4d86-a48a-0f015d962a96					1	0	0	1	37	\N		\N	
162	2019-03-12 19:11:37.169928+00	2019-03-12 19:11:37.16995+00	verbose	f	f	11973e14-b03b-4456-8691-f2fc24da3074					3	0	2	3	37	\N		\N	
163	2019-03-12 19:11:37.16949+00	2019-03-12 19:11:37.169515+00	verbose	f	f	4d5d277b-a456-42ee-97f7-064135f1daa2					2	0	1	2	37	\N		\N	
164	2019-03-12 19:11:37.1767+00	2019-03-12 19:11:37.176725+00	verbose	f	f	18a55f8c-95a9-42fe-ae96-fec4326b3e55					4	0	3	4	37	\N		\N	
165	2019-03-12 19:11:37.212258+00	2019-03-12 19:11:37.212273+00	verbose	f	f	c6838450-f2dc-4f98-afcf-4f8087aa91ec					6	0	5	6	37	\N		\N	
166	2019-03-12 19:11:37.215215+00	2019-03-12 19:11:37.215231+00	verbose	f	f	402b2b1d-3172-4731-85b9-5a5f2c490b8e					5	0	4	5	37	\N		\N	
167	2019-03-12 19:11:37.130797+00	2019-03-12 19:11:37.219852+00	playbook_on_start	f	f	02585c73-43dd-4d6c-853c-22d9c083e119	gather_facts.yml				7	0	6	6	37	\N		\N	
168	2019-03-12 19:11:37.186759+00	2019-03-12 19:11:37.253171+00	playbook_on_no_hosts_matched	f	f	fa121d2d-46d7-479a-984e-1aa95c716bdb	gather_facts.yml	all			9	0	8	9	37	\N		\N	0242ac12-0005-e11b-c5e2-000000000005
169	2019-03-12 19:11:37.186062+00	2019-03-12 19:11:37.256255+00	playbook_on_play_start	f	f	0242ac12-0005-e11b-c5e2-000000000005	gather_facts.yml	all			8	0	6	8	37	\N		\N	02585c73-43dd-4d6c-853c-22d9c083e119
170	2019-03-12 19:11:37.18949+00	2019-03-12 19:11:37.288875+00	playbook_on_stats	f	f	d0724faf-7233-4160-8e9b-294c64693321	gather_facts.yml				10	0	9	12	37	\N		\N	02585c73-43dd-4d6c-853c-22d9c083e119
171	2019-03-12 19:11:40.307165+00	2019-03-12 19:11:40.307188+00	verbose	f	f	6cbfad56-305a-4706-bd3f-075365774f45					1	0	0	1	38	\N		\N	
172	2019-03-12 19:11:40.312063+00	2019-03-12 19:11:40.312086+00	verbose	f	f	4e6ee907-a6da-4a16-9278-c8435f533b56					3	0	2	3	38	\N		\N	
173	2019-03-12 19:11:40.322502+00	2019-03-12 19:11:40.322527+00	verbose	f	f	43f0280f-4f30-4f07-b32a-5f5ec5affe6c					2	0	1	2	38	\N		\N	
174	2019-03-12 19:11:40.325255+00	2019-03-12 19:11:40.325287+00	verbose	f	f	f725bec6-5673-4a21-8df9-eef91a34dae9					4	0	3	4	38	\N		\N	
175	2019-03-12 19:11:40.356208+00	2019-03-12 19:11:40.356234+00	verbose	f	f	31bd63ad-44a7-47e4-a91a-278de254ac47					5	0	4	5	38	\N		\N	
176	2019-03-12 19:11:40.37369+00	2019-03-12 19:11:40.373713+00	verbose	f	f	dde203c5-5d26-4f74-b4a5-d13e4b209890					6	0	5	6	38	\N		\N	
177	2019-03-12 19:11:40.337646+00	2019-03-12 19:11:40.386934+00	playbook_on_play_start	f	f	0242ac12-0005-b011-48cc-000000000005	ping.yml	all			8	0	6	8	38	\N		\N	3b8fd50b-7893-43f5-a591-78ebdc6d0392
178	2019-03-12 19:11:40.266919+00	2019-03-12 19:11:40.404022+00	playbook_on_start	f	f	3b8fd50b-7893-43f5-a591-78ebdc6d0392	ping.yml				7	0	6	6	38	\N		\N	
179	2019-03-12 19:11:40.338486+00	2019-03-12 19:11:40.440019+00	playbook_on_no_hosts_matched	f	f	0c27a873-f465-400c-a1be-ba040bd40fc6	ping.yml	all			9	0	8	9	38	\N		\N	0242ac12-0005-b011-48cc-000000000005
180	2019-03-12 19:11:40.339965+00	2019-03-12 19:11:40.480488+00	playbook_on_stats	f	f	90855a11-8c75-4914-88d1-99cdb978bcae	ping.yml				10	0	9	12	38	\N		\N	3b8fd50b-7893-43f5-a591-78ebdc6d0392
181	2019-03-12 19:11:43.372655+00	2019-03-12 19:11:43.372669+00	verbose	f	f	b88ff9e5-8925-466b-b356-de61e545c478					1	0	0	1	39	\N		\N	
182	2019-03-12 19:11:43.374373+00	2019-03-12 19:11:43.374396+00	verbose	f	f	f19ac678-3b2f-424b-8ee8-ff0f4ab4fb57					2	0	1	2	39	\N		\N	
183	2019-03-12 19:11:43.379124+00	2019-03-12 19:11:43.379153+00	verbose	f	f	b2325677-c43b-43d4-9d9c-d2d48fa45e3e					3	0	2	3	39	\N		\N	
184	2019-03-12 19:11:43.383315+00	2019-03-12 19:11:43.383329+00	verbose	f	f	2e98aaf9-251b-4d0c-a6c4-82a3aa23219d					4	0	3	4	39	\N		\N	
185	2019-03-12 19:11:43.423191+00	2019-03-12 19:11:43.423215+00	verbose	f	f	b9a5e01f-0d41-404b-af8a-867193b56c67					6	0	5	6	39	\N		\N	
186	2019-03-12 19:11:43.423131+00	2019-03-12 19:11:43.423154+00	verbose	f	f	dd9b9888-7bec-4cf2-907f-3ea953d366a4					5	0	4	5	39	\N		\N	
187	2019-03-12 19:11:43.33606+00	2019-03-12 19:11:43.424469+00	playbook_on_start	f	f	a4d8f2cd-f325-419b-aa0d-bd0ca2527896	cat_file.yml				7	0	6	6	39	\N		\N	
188	2019-03-12 19:11:43.401226+00	2019-03-12 19:11:43.430343+00	playbook_on_stats	f	f	166dc784-ce51-4d03-ba5d-9fbbe591d7fb	cat_file.yml				10	0	9	12	39	\N		\N	a4d8f2cd-f325-419b-aa0d-bd0ca2527896
189	2019-03-12 19:11:43.399201+00	2019-03-12 19:11:43.458721+00	playbook_on_play_start	f	f	0242ac12-0005-7f5b-adde-000000000005	cat_file.yml	all			8	0	6	8	39	\N		\N	a4d8f2cd-f325-419b-aa0d-bd0ca2527896
190	2019-03-12 19:11:43.39984+00	2019-03-12 19:11:43.463431+00	playbook_on_no_hosts_matched	f	f	df6d6f1e-47f5-48c6-a275-be1db004e39c	cat_file.yml	all			9	0	8	9	39	\N		\N	0242ac12-0005-7f5b-adde-000000000005
191	2019-03-12 19:11:52.804905+00	2019-03-12 19:11:52.804922+00	verbose	f	f	a9bb628b-e902-42cb-98d5-c99ed74a0d64					2	0	1	2	44	\N		\N	
192	2019-03-12 19:11:52.804911+00	2019-03-12 19:11:52.804935+00	verbose	f	f	2807e006-dffa-4432-a239-23d253d32d96					1	0	0	1	44	\N		\N	
193	2019-03-12 19:11:52.808914+00	2019-03-12 19:11:52.808935+00	verbose	f	f	df250a17-80ab-4ede-bc37-c6f5bfa052a4					4	0	3	4	44	\N		\N	
194	2019-03-12 19:11:52.811975+00	2019-03-12 19:11:52.811997+00	verbose	f	f	180852bb-08bd-439d-bd94-c2dd4f9ea06d					3	0	2	3	44	\N		\N	
195	2019-03-12 19:11:52.854012+00	2019-03-12 19:11:52.854053+00	verbose	f	f	845a7237-0223-4b68-a5b0-ee4853abd1c8					5	0	4	5	44	\N		\N	
196	2019-03-12 19:11:52.85544+00	2019-03-12 19:11:52.855465+00	verbose	f	f	5a731d60-8ee0-4e03-ae6f-fa08370c3cef					6	0	5	6	44	\N		\N	
197	2019-03-12 19:11:52.811576+00	2019-03-12 19:11:52.856422+00	playbook_on_no_hosts_matched	f	f	38cbb3df-ba2e-4695-8bcf-d824cfbd81f7	gather_facts.yml	all			9	0	8	9	44	\N		\N	0242ac12-0005-a4e9-6fa2-000000000005
198	2019-03-12 19:11:52.761515+00	2019-03-12 19:11:52.856818+00	playbook_on_start	f	f	589c127c-f812-4db5-98c3-79c2e67cc9b6	gather_facts.yml				7	0	6	6	44	\N		\N	
199	2019-03-12 19:11:52.810822+00	2019-03-12 19:11:52.896644+00	playbook_on_play_start	f	f	0242ac12-0005-a4e9-6fa2-000000000005	gather_facts.yml	all			8	0	6	8	44	\N		\N	589c127c-f812-4db5-98c3-79c2e67cc9b6
200	2019-03-12 19:11:52.81307+00	2019-03-12 19:11:52.901382+00	playbook_on_stats	f	f	f3cdbfd6-d0ad-406b-a628-2af99a1a1374	gather_facts.yml				10	0	9	12	44	\N		\N	589c127c-f812-4db5-98c3-79c2e67cc9b6
201	2019-03-12 19:11:56.033184+00	2019-03-12 19:11:56.033206+00	verbose	f	f	879a26dd-52d8-40f6-91ec-d4fe7a29412b					1	0	0	1	45	\N		\N	
202	2019-03-12 19:11:56.040874+00	2019-03-12 19:11:56.040919+00	verbose	f	f	b03f8f0e-2827-4c62-852e-87f09a921061					2	0	1	2	45	\N		\N	
203	2019-03-12 19:11:56.049771+00	2019-03-12 19:11:56.049805+00	verbose	f	f	da81ba60-fc9f-41b6-b29d-5cf94a8a769f					3	0	2	3	45	\N		\N	
204	2019-03-12 19:11:56.051534+00	2019-03-12 19:11:56.051562+00	verbose	f	f	f7af1b70-8de8-47b4-8618-9b7ab1cec26e					4	0	3	4	45	\N		\N	
205	2019-03-12 19:11:56.089056+00	2019-03-12 19:11:56.08908+00	verbose	f	f	1ba9759f-8e5b-4428-9a01-2ad9a533c9d9					5	0	4	5	45	\N		\N	
206	2019-03-12 19:11:56.105154+00	2019-03-12 19:11:56.105181+00	verbose	f	f	57944ce5-19b0-4b52-8317-d44ea41aed9e					6	0	5	6	45	\N		\N	
207	2019-03-12 19:11:56.053513+00	2019-03-12 19:11:56.11475+00	playbook_on_play_start	f	f	0242ac12-0005-7c49-e575-000000000005	ping.yml	all			8	0	6	8	45	\N		\N	7389f79f-da3d-420f-b6e2-9ab6a8bd76fb
208	2019-03-12 19:11:55.996096+00	2019-03-12 19:11:56.142869+00	playbook_on_start	f	f	7389f79f-da3d-420f-b6e2-9ab6a8bd76fb	ping.yml				7	0	6	6	45	\N		\N	
209	2019-03-12 19:11:56.054271+00	2019-03-12 19:11:56.15119+00	playbook_on_no_hosts_matched	f	f	4c90cc8c-51bd-4e58-864b-87bd88de2bc8	ping.yml	all			9	0	8	9	45	\N		\N	0242ac12-0005-7c49-e575-000000000005
210	2019-03-12 19:11:56.055396+00	2019-03-12 19:11:56.165354+00	playbook_on_stats	f	f	3c12810e-e0ec-44ba-826a-052f9a382115	ping.yml				10	0	9	12	45	\N		\N	7389f79f-da3d-420f-b6e2-9ab6a8bd76fb
211	2019-03-12 19:11:59.283208+00	2019-03-12 19:11:59.283233+00	verbose	f	f	1cee7eb7-754a-4876-a739-f0037709d2fe					1	0	0	1	46	\N		\N	
212	2019-03-12 19:11:59.285541+00	2019-03-12 19:11:59.285556+00	verbose	f	f	7ce2a091-bb41-4f77-923c-cc5b43b67e63					4	0	3	4	46	\N		\N	
213	2019-03-12 19:11:59.285918+00	2019-03-12 19:11:59.285932+00	verbose	f	f	3f2ac3c5-b6eb-4221-9e6c-5b9c05637db4					2	0	1	2	46	\N		\N	
214	2019-03-12 19:11:59.286291+00	2019-03-12 19:11:59.286314+00	verbose	f	f	3e6ce3d3-f554-4097-92ef-293775043f7e					3	0	2	3	46	\N		\N	
215	2019-03-12 19:11:59.330282+00	2019-03-12 19:11:59.330306+00	verbose	f	f	27334c27-94c4-493d-aa4c-228e144e9b9f					5	0	4	5	46	\N		\N	
216	2019-03-12 19:11:59.333668+00	2019-03-12 19:11:59.333684+00	verbose	f	f	cf28c90a-30cf-4391-9149-305da59f1538					6	0	5	6	46	\N		\N	
217	2019-03-12 19:11:59.248941+00	2019-03-12 19:11:59.334548+00	playbook_on_start	f	f	9910f9f8-9c59-49b1-bc35-7fa0c19a771c	cat_file.yml				7	0	6	6	46	\N		\N	
218	2019-03-12 19:11:59.304561+00	2019-03-12 19:11:59.33661+00	playbook_on_no_hosts_matched	f	f	ec0edb34-60b2-4270-aa1a-6c5df489523f	cat_file.yml	all			9	0	8	9	46	\N		\N	0242ac12-0005-58a8-9d7e-000000000005
219	2019-03-12 19:11:59.303892+00	2019-03-12 19:11:59.384079+00	playbook_on_play_start	f	f	0242ac12-0005-58a8-9d7e-000000000005	cat_file.yml	all			8	0	6	8	46	\N		\N	9910f9f8-9c59-49b1-bc35-7fa0c19a771c
220	2019-03-12 19:11:59.305965+00	2019-03-12 19:11:59.415592+00	playbook_on_stats	f	f	ef8ec90e-51ea-494d-aaf2-67481624c8e5	cat_file.yml				10	0	9	12	46	\N		\N	9910f9f8-9c59-49b1-bc35-7fa0c19a771c
221	2019-03-12 19:12:08.685137+00	2019-03-12 19:12:08.685151+00	verbose	f	f	b53aaf85-699f-4eef-923d-485d99e7a5b6					2	0	1	2	51	\N		\N	
222	2019-03-12 19:12:08.685786+00	2019-03-12 19:12:08.685811+00	verbose	f	f	2e9a9359-31ba-4d46-9291-969a2a4a4b57					3	0	2	3	51	\N		\N	
223	2019-03-12 19:12:08.698903+00	2019-03-12 19:12:08.698928+00	verbose	f	f	ae224dcd-bdd6-427b-9718-af4f91042bf9					1	0	0	1	51	\N		\N	
224	2019-03-12 19:12:08.697187+00	2019-03-12 19:12:08.697214+00	verbose	f	f	e58a24a0-e37a-457e-a20b-d061ced062ee					4	0	3	4	51	\N		\N	
225	2019-03-12 19:12:08.731079+00	2019-03-12 19:12:08.731102+00	verbose	f	f	0f0df63d-d38a-4dee-88ca-9b41acc4084c					6	0	5	6	51	\N		\N	
226	2019-03-12 19:12:08.69755+00	2019-03-12 19:12:08.732019+00	playbook_on_no_hosts_matched	f	f	3c507dae-0007-45e0-980a-a1162cdd71cb	gather_facts.yml	all			9	0	8	9	51	\N		\N	0242ac12-0005-77e6-7c70-000000000005
227	2019-03-12 19:12:08.746243+00	2019-03-12 19:12:08.746259+00	verbose	f	f	3715520a-06d6-45c3-824b-a56d8744c4b8					5	0	4	5	51	\N		\N	
228	2019-03-12 19:12:08.699406+00	2019-03-12 19:12:08.77233+00	playbook_on_stats	f	f	9563ba1f-6e22-408e-af15-186db2845a7f	gather_facts.yml				10	0	9	12	51	\N		\N	8834f2ae-6634-4dd7-a09b-ee9daeb3a591
229	2019-03-12 19:12:08.641427+00	2019-03-12 19:12:08.79029+00	playbook_on_start	f	f	8834f2ae-6634-4dd7-a09b-ee9daeb3a591	gather_facts.yml				7	0	6	6	51	\N		\N	
230	2019-03-12 19:12:08.696834+00	2019-03-12 19:12:08.823582+00	playbook_on_play_start	f	f	0242ac12-0005-77e6-7c70-000000000005	gather_facts.yml	all			8	0	6	8	51	\N		\N	8834f2ae-6634-4dd7-a09b-ee9daeb3a591
231	2019-03-12 19:12:11.968766+00	2019-03-12 19:12:11.96879+00	verbose	f	f	985780b5-7a1a-407e-aed1-dbc1c7ca5c2d					4	0	3	4	52	\N		\N	
232	2019-03-12 19:12:11.972633+00	2019-03-12 19:12:11.972665+00	verbose	f	f	2813101b-194e-4c0d-91b0-412b7ac8dac5					3	0	2	3	52	\N		\N	
233	2019-03-12 19:12:11.993968+00	2019-03-12 19:12:11.99399+00	verbose	f	f	eb3d0eac-d3da-4cb1-b541-1a88c5931e25					1	0	0	1	52	\N		\N	
234	2019-03-12 19:12:12.004698+00	2019-03-12 19:12:12.004718+00	verbose	f	f	8df64c09-0604-432f-9b0b-4957dceaaef1					2	0	1	2	52	\N		\N	
235	2019-03-12 19:12:11.986604+00	2019-03-12 19:12:12.021558+00	playbook_on_no_hosts_matched	f	f	9b84a422-0fe8-41ca-b321-5ff97ef54957	ping.yml	all			9	0	8	9	52	\N		\N	0242ac12-0005-7760-4bfb-000000000005
236	2019-03-12 19:12:12.040393+00	2019-03-12 19:12:12.040409+00	verbose	f	f	28a2dff8-8f95-43ae-ba4c-776a3dc3e4d8					5	0	4	5	52	\N		\N	
237	2019-03-12 19:12:12.049432+00	2019-03-12 19:12:12.049458+00	verbose	f	f	7544f398-32f0-4e2b-9030-f565abdfcd5c					6	0	5	6	52	\N		\N	
238	2019-03-12 19:12:11.985747+00	2019-03-12 19:12:12.079402+00	playbook_on_play_start	f	f	0242ac12-0005-7760-4bfb-000000000005	ping.yml	all			8	0	6	8	52	\N		\N	a4bc7d3c-e047-49a7-a2f1-78e8362e4b6e
239	2019-03-12 19:12:11.922791+00	2019-03-12 19:12:12.091995+00	playbook_on_start	f	f	a4bc7d3c-e047-49a7-a2f1-78e8362e4b6e	ping.yml				7	0	6	6	52	\N		\N	
240	2019-03-12 19:12:11.98799+00	2019-03-12 19:12:12.128061+00	playbook_on_stats	f	f	325298dc-06cd-4080-a05d-b94966f5e6d6	ping.yml				10	0	9	12	52	\N		\N	a4bc7d3c-e047-49a7-a2f1-78e8362e4b6e
241	2019-03-12 19:12:14.855879+00	2019-03-12 19:12:14.855907+00	verbose	f	f	71bc264d-f23e-4c83-97df-518e9bea3c96					1	0	0	1	53	\N		\N	
242	2019-03-12 19:12:14.860123+00	2019-03-12 19:12:14.860147+00	verbose	f	f	ab83de3a-e4b5-496e-b607-e897801bcf0e					2	0	1	2	53	\N		\N	
243	2019-03-12 19:12:14.861299+00	2019-03-12 19:12:14.861313+00	verbose	f	f	e384fb59-d2b2-4a53-a2d4-6b2ab6830566					3	0	2	3	53	\N		\N	
244	2019-03-12 19:12:14.863735+00	2019-03-12 19:12:14.863751+00	verbose	f	f	a5e11034-d2ea-4fef-849b-705dfbb70841					4	0	3	4	53	\N		\N	
245	2019-03-12 19:12:14.901363+00	2019-03-12 19:12:14.901389+00	verbose	f	f	7482a73a-6b7e-4407-9a0a-03d756741af0					5	0	4	5	53	\N		\N	
246	2019-03-12 19:12:14.903351+00	2019-03-12 19:12:14.903366+00	verbose	f	f	0a239e4b-6e26-409a-9155-79d7dcdeef4b					6	0	5	6	53	\N		\N	
247	2019-03-12 19:12:14.884061+00	2019-03-12 19:12:14.906505+00	playbook_on_play_start	f	f	0242ac12-0005-cd42-6072-000000000005	cat_file.yml	all			8	0	6	8	53	\N		\N	d0917bbd-848c-4b8f-b20c-a118e88f59d3
248	2019-03-12 19:12:14.82332+00	2019-03-12 19:12:14.940017+00	playbook_on_start	f	f	d0917bbd-848c-4b8f-b20c-a118e88f59d3	cat_file.yml				7	0	6	6	53	\N		\N	
249	2019-03-12 19:12:14.884627+00	2019-03-12 19:12:14.941424+00	playbook_on_no_hosts_matched	f	f	546edb2e-2f72-488c-ba44-49241106d1d1	cat_file.yml	all			9	0	8	9	53	\N		\N	0242ac12-0005-cd42-6072-000000000005
250	2019-03-12 19:12:14.886045+00	2019-03-12 19:12:14.973524+00	playbook_on_stats	f	f	780695c3-ddc1-455f-925f-dc54b9213ba5	cat_file.yml				10	0	9	12	53	\N		\N	d0917bbd-848c-4b8f-b20c-a118e88f59d3
251	2019-03-12 19:12:24.851508+00	2019-03-12 19:12:24.851533+00	verbose	f	f	5015b108-e8c0-4464-be51-53a7e82b220c					2	0	1	2	59	\N		\N	
252	2019-03-12 19:12:24.857329+00	2019-03-12 19:12:24.857349+00	verbose	f	f	728a8113-282b-4d5a-b604-c074dcfb1799					3	0	2	3	59	\N		\N	
253	2019-03-12 19:12:24.856347+00	2019-03-12 19:12:24.856362+00	verbose	f	f	bc5d621d-f7ec-4c75-a285-f33b11431df7					1	0	0	1	59	\N		\N	
254	2019-03-12 19:12:24.858289+00	2019-03-12 19:12:24.858316+00	verbose	f	f	2fcddcc2-080e-4fd8-85eb-1db3b5f87f03					4	0	3	4	59	\N		\N	
255	2019-03-12 19:12:24.899742+00	2019-03-12 19:12:24.899756+00	verbose	f	f	e1b14888-1e55-4fd6-9364-0274394044dc					6	0	5	6	59	\N		\N	
256	2019-03-12 19:12:24.910486+00	2019-03-12 19:12:24.91051+00	verbose	f	f	5efd8fde-98c6-4fc1-8190-0e38eb97df5d					5	0	4	5	59	\N		\N	
257	2019-03-12 19:12:24.864373+00	2019-03-12 19:12:24.910571+00	playbook_on_stats	f	f	1bf42571-a56f-48e5-b8d2-edf9aaf04190	ping.yml				10	0	9	12	59	\N		\N	94f3e7c2-2083-4bcd-ad55-ab72ac5b7026
258	2019-03-12 19:12:24.808866+00	2019-03-12 19:12:24.935221+00	playbook_on_start	f	f	94f3e7c2-2083-4bcd-ad55-ab72ac5b7026	ping.yml				7	0	6	6	59	\N		\N	
259	2019-03-12 19:12:24.861182+00	2019-03-12 19:12:24.949851+00	playbook_on_play_start	f	f	0242ac12-0005-fe05-9822-000000000005	ping.yml	all			8	0	6	8	59	\N		\N	94f3e7c2-2083-4bcd-ad55-ab72ac5b7026
260	2019-03-12 19:12:24.861859+00	2019-03-12 19:12:24.983799+00	playbook_on_no_hosts_matched	f	f	7d019894-1ade-423e-b817-8eefe848cadd	ping.yml	all			9	0	8	9	59	\N		\N	0242ac12-0005-fe05-9822-000000000005
261	2019-03-12 19:12:28.938397+00	2019-03-12 19:12:28.938412+00	verbose	f	f	40b0966a-9c79-4d7b-a134-f7d2aca8e5ee					2	0	1	2	60	\N		\N	
262	2019-03-12 19:12:28.939234+00	2019-03-12 19:12:28.939257+00	verbose	f	f	24bdcff0-6304-4280-81e9-0da9ae21eada					1	0	0	1	60	\N		\N	
263	2019-03-12 19:12:28.94585+00	2019-03-12 19:12:28.945875+00	verbose	f	f	17801557-0c67-45d0-b828-873622b7afc5					3	0	2	3	60	\N		\N	
264	2019-03-12 19:12:28.948094+00	2019-03-12 19:12:28.948116+00	verbose	f	f	93c00f84-c4cc-45a6-9b71-7c31d2c06864					4	0	3	4	60	\N		\N	
265	2019-03-12 19:12:28.98588+00	2019-03-12 19:12:28.98591+00	verbose	f	f	a9883fdc-c311-4c12-b596-b377966965e1					6	0	5	6	60	\N		\N	
266	2019-03-12 19:12:28.988585+00	2019-03-12 19:12:28.988611+00	verbose	f	f	44cae24b-3ac6-43b2-a5bb-6daedb1b830f					5	0	4	5	60	\N		\N	
267	2019-03-12 19:12:28.90453+00	2019-03-12 19:12:28.995329+00	playbook_on_start	f	f	3542b56a-c4e8-457e-b5e0-54574bca5ee5	cat_file.yml				7	0	6	6	60	\N		\N	
268	2019-03-12 19:12:28.957446+00	2019-03-12 19:12:29.030609+00	playbook_on_play_start	f	f	0242ac12-0005-8e01-0866-000000000005	cat_file.yml	all			8	0	6	8	60	\N		\N	3542b56a-c4e8-457e-b5e0-54574bca5ee5
269	2019-03-12 19:12:28.958109+00	2019-03-12 19:12:29.03096+00	playbook_on_no_hosts_matched	f	f	167b55ca-d1f6-45c2-9a25-12ca2912df93	cat_file.yml	all			9	0	8	9	60	\N		\N	0242ac12-0005-8e01-0866-000000000005
270	2019-03-12 19:12:28.959649+00	2019-03-12 19:12:29.061599+00	playbook_on_stats	f	f	bd96068e-3c28-4279-a852-dd169acab4b1	cat_file.yml				10	0	9	12	60	\N		\N	3542b56a-c4e8-457e-b5e0-54574bca5ee5
271	2019-03-12 19:12:31.8097+00	2019-03-12 19:12:31.809726+00	verbose	f	f	02962815-de9d-4390-a09e-ed0a98bab759					1	0	0	1	58	\N		\N	
272	2019-03-12 19:12:31.811107+00	2019-03-12 19:12:31.811132+00	verbose	f	f	7ed5f08c-b1f9-41e1-b812-a8eeb8214153					2	0	1	2	58	\N		\N	
273	2019-03-12 19:12:31.812531+00	2019-03-12 19:12:31.812548+00	verbose	f	f	adcf3c05-5fbe-421b-a50f-ddac9997f929					3	0	2	3	58	\N		\N	
274	2019-03-12 19:12:31.817956+00	2019-03-12 19:12:31.817979+00	verbose	f	f	480a2fb7-8478-48a2-8375-5f84747b3993					4	0	3	4	58	\N		\N	
275	2019-03-12 19:12:31.863127+00	2019-03-12 19:12:31.863157+00	verbose	f	f	ce78e57c-0f68-4883-a4d6-e9fb15cadab2					5	0	4	5	58	\N		\N	
276	2019-03-12 19:12:31.863147+00	2019-03-12 19:12:31.863175+00	verbose	f	f	89c3011a-75a9-468a-8cc8-a7ffbef36a03					6	0	5	6	58	\N		\N	
277	2019-03-12 19:12:31.826192+00	2019-03-12 19:12:31.866858+00	playbook_on_play_start	f	f	0242ac12-0005-e759-dc4d-000000000005	gather_facts.yml	all			8	0	6	8	58	\N		\N	8109e0cd-6743-421d-9a00-b3a2def72253
278	2019-03-12 19:12:31.771642+00	2019-03-12 19:12:31.900489+00	playbook_on_start	f	f	8109e0cd-6743-421d-9a00-b3a2def72253	gather_facts.yml				7	0	6	6	58	\N		\N	
279	2019-03-12 19:12:31.826878+00	2019-03-12 19:12:31.902703+00	playbook_on_no_hosts_matched	f	f	0479d7c4-325a-4d66-874f-cb738895aa98	gather_facts.yml	all			9	0	8	9	58	\N		\N	0242ac12-0005-e759-dc4d-000000000005
280	2019-03-12 19:12:31.828423+00	2019-03-12 19:12:31.935007+00	playbook_on_stats	f	f	119dd4c3-3b04-43c2-9471-f8e830330573	gather_facts.yml				10	0	9	12	58	\N		\N	8109e0cd-6743-421d-9a00-b3a2def72253
281	2019-03-12 19:12:40.13899+00	2019-03-12 19:12:40.139005+00	verbose	f	f	24e0246f-8396-480f-a726-1bd6621a98f3					1	0	0	1	65	\N		\N	
282	2019-03-12 19:12:40.141959+00	2019-03-12 19:12:40.141981+00	verbose	f	f	81017f38-f34e-4853-b4d1-e2a3f8b65a53					2	0	1	2	65	\N		\N	
283	2019-03-12 19:12:40.14481+00	2019-03-12 19:12:40.144836+00	verbose	f	f	1d5043cc-e110-45eb-80f4-a645b915ea69					3	0	2	3	65	\N		\N	
284	2019-03-12 19:12:40.146615+00	2019-03-12 19:12:40.146638+00	verbose	f	f	75a26bb3-59f2-48b4-92a2-9a9c4e03bb9a					4	0	3	4	65	\N		\N	
285	2019-03-12 19:12:40.186331+00	2019-03-12 19:12:40.186353+00	verbose	f	f	72bf368c-d4bf-4938-aacb-b5f7626d4bad					5	0	4	5	65	\N		\N	
286	2019-03-12 19:12:40.186338+00	2019-03-12 19:12:40.186356+00	verbose	f	f	a9938990-2abd-4678-baae-4012311cb562					6	0	5	6	65	\N		\N	
287	2019-03-12 19:12:40.150279+00	2019-03-12 19:12:40.200477+00	playbook_on_play_start	f	f	0242ac12-0005-3800-ee56-000000000005	gather_facts.yml	all			8	0	6	8	65	\N		\N	121dd1b3-ce27-48ff-8486-45bc25bcc2eb
288	2019-03-12 19:12:40.151015+00	2019-03-12 19:12:40.228249+00	playbook_on_no_hosts_matched	f	f	840ea906-6a43-4afb-89f4-73f0c6ecacac	gather_facts.yml	all			9	0	8	9	65	\N		\N	0242ac12-0005-3800-ee56-000000000005
289	2019-03-12 19:12:40.098755+00	2019-03-12 19:12:40.230483+00	playbook_on_start	f	f	121dd1b3-ce27-48ff-8486-45bc25bcc2eb	gather_facts.yml				7	0	6	6	65	\N		\N	
290	2019-03-12 19:12:40.152269+00	2019-03-12 19:12:40.252577+00	playbook_on_stats	f	f	265d5327-5f87-4ba9-8655-0af8d48ec48d	gather_facts.yml				10	0	9	12	65	\N		\N	121dd1b3-ce27-48ff-8486-45bc25bcc2eb
291	2019-03-12 19:12:43.18708+00	2019-03-12 19:12:43.187106+00	verbose	f	f	624b5ee1-2055-4b32-9195-61f6fead049f					1	0	0	1	66	\N		\N	
292	2019-03-12 19:12:43.19081+00	2019-03-12 19:12:43.190836+00	verbose	f	f	24677128-8026-46cf-acea-033d889e68c5					3	0	2	3	66	\N		\N	
293	2019-03-12 19:12:43.190972+00	2019-03-12 19:12:43.190987+00	verbose	f	f	ef9e830a-d0fa-469d-b5d4-ae5372b66a9d					2	0	1	2	66	\N		\N	
294	2019-03-12 19:12:43.198049+00	2019-03-12 19:12:43.198074+00	verbose	f	f	1e983d82-042d-4bd1-ad43-d022c764ee0c					4	0	3	4	66	\N		\N	
295	2019-03-12 19:12:43.233969+00	2019-03-12 19:12:43.233992+00	verbose	f	f	493711d4-352e-4d47-b176-84d3365f303d					6	0	5	6	66	\N		\N	
296	2019-03-12 19:12:43.239746+00	2019-03-12 19:12:43.239774+00	verbose	f	f	7cdd3a5e-7273-4b39-b99d-92e03e539840					5	0	4	5	66	\N		\N	
297	2019-03-12 19:12:43.200248+00	2019-03-12 19:12:43.248403+00	playbook_on_play_start	f	f	0242ac12-0005-f796-92a3-000000000005	ping.yml	all			8	0	6	8	66	\N		\N	dbff577a-3374-408d-bcee-70006d98007a
298	2019-03-12 19:12:43.145097+00	2019-03-12 19:12:43.279069+00	playbook_on_start	f	f	dbff577a-3374-408d-bcee-70006d98007a	ping.yml				7	0	6	6	66	\N		\N	
299	2019-03-12 19:12:43.201898+00	2019-03-12 19:12:43.285075+00	playbook_on_stats	f	f	08b21d73-4958-4f18-b941-65e23a2342e5	ping.yml				10	0	9	12	66	\N		\N	dbff577a-3374-408d-bcee-70006d98007a
300	2019-03-12 19:12:43.200903+00	2019-03-12 19:12:43.316519+00	playbook_on_no_hosts_matched	f	f	c0186c43-2543-46d5-963b-8d77622ad422	ping.yml	all			9	0	8	9	66	\N		\N	0242ac12-0005-f796-92a3-000000000005
301	2019-03-12 19:12:46.193561+00	2019-03-12 19:12:46.193587+00	verbose	f	f	d0408540-1df9-4ff3-be29-0debe1cca0e7					3	0	2	3	67	\N		\N	
302	2019-03-12 19:12:46.196617+00	2019-03-12 19:12:46.196632+00	verbose	f	f	0bf7ec8c-6b3e-457b-9299-035daa36b87c					1	0	0	1	67	\N		\N	
303	2019-03-12 19:12:46.198012+00	2019-03-12 19:12:46.198025+00	verbose	f	f	5c387d95-c964-4ee5-81af-881e292dc19d					2	0	1	2	67	\N		\N	
304	2019-03-12 19:12:46.210903+00	2019-03-12 19:12:46.210926+00	verbose	f	f	ade3aab1-938d-4352-832a-9b80002fb73a					4	0	3	4	67	\N		\N	
305	2019-03-12 19:12:46.248957+00	2019-03-12 19:12:46.248972+00	verbose	f	f	fc541d87-6bae-46f1-a86d-f78d7079757d					5	0	4	5	67	\N		\N	
306	2019-03-12 19:12:46.249731+00	2019-03-12 19:12:46.249753+00	verbose	f	f	6d33a756-e219-4e83-9345-4db5844107e1					6	0	5	6	67	\N		\N	
307	2019-03-12 19:12:46.218285+00	2019-03-12 19:12:46.254794+00	playbook_on_stats	f	f	e3dd248d-12d8-47d8-af76-82a4fcdee6b6	cat_file.yml				10	0	9	12	67	\N		\N	689623dc-c139-4a69-b33f-e92662450bb7
308	2019-03-12 19:12:46.158918+00	2019-03-12 19:12:46.257515+00	playbook_on_start	f	f	689623dc-c139-4a69-b33f-e92662450bb7	cat_file.yml				7	0	6	6	67	\N		\N	
309	2019-03-12 19:12:46.216876+00	2019-03-12 19:12:46.293593+00	playbook_on_no_hosts_matched	f	f	ba87a2f2-7f4a-422f-ae55-0142c11ea57f	cat_file.yml	all			9	0	8	9	67	\N		\N	0242ac12-0005-6289-f86d-000000000005
310	2019-03-12 19:12:46.216274+00	2019-03-12 19:12:46.293817+00	playbook_on_play_start	f	f	0242ac12-0005-6289-f86d-000000000005	cat_file.yml	all			8	0	6	8	67	\N		\N	689623dc-c139-4a69-b33f-e92662450bb7
311	2019-03-12 19:12:55.584576+00	2019-03-12 19:12:55.584599+00	verbose	f	f	a514b7e2-7cbf-4c24-b0c0-779c8314050e					2	0	1	2	72	\N		\N	
312	2019-03-12 19:12:55.584094+00	2019-03-12 19:12:55.584117+00	verbose	f	f	0f8b6e60-41ac-49d1-a415-7f5cb355e321					1	0	0	1	72	\N		\N	
313	2019-03-12 19:12:55.588228+00	2019-03-12 19:12:55.588251+00	verbose	f	f	7e8d1e82-02ca-48b7-aaf2-3ced165b808b					3	0	2	3	72	\N		\N	
314	2019-03-12 19:12:55.589144+00	2019-03-12 19:12:55.589168+00	verbose	f	f	7b44739e-3718-4f1a-bb86-cda2607a4d59					4	0	3	4	72	\N		\N	
315	2019-03-12 19:12:55.640453+00	2019-03-12 19:12:55.640467+00	verbose	f	f	524d9e6d-800b-4f23-9daa-3ce01ea1f9e2					6	0	5	6	72	\N		\N	
316	2019-03-12 19:12:55.640374+00	2019-03-12 19:12:55.640399+00	verbose	f	f	11d2244a-a379-45fc-8db8-e3c4567155f4					5	0	4	5	72	\N		\N	
317	2019-03-12 19:12:55.539883+00	2019-03-12 19:12:55.642335+00	playbook_on_start	f	f	99ec8b10-3f3b-48d9-81a7-d2eb8bc388aa	gather_facts.yml				7	0	6	6	72	\N		\N	
318	2019-03-12 19:12:55.596304+00	2019-03-12 19:12:55.647197+00	playbook_on_play_start	f	f	0242ac12-0005-6f0f-989e-000000000005	gather_facts.yml	all			8	0	6	8	72	\N		\N	99ec8b10-3f3b-48d9-81a7-d2eb8bc388aa
319	2019-03-12 19:12:55.59692+00	2019-03-12 19:12:55.686328+00	playbook_on_no_hosts_matched	f	f	439602f6-3e91-43e9-91f7-e2f2f09d392a	gather_facts.yml	all			9	0	8	9	72	\N		\N	0242ac12-0005-6f0f-989e-000000000005
320	2019-03-12 19:12:55.598499+00	2019-03-12 19:12:55.720627+00	playbook_on_stats	f	f	64f01929-195a-423e-924d-38548a12b85e	gather_facts.yml				10	0	9	12	72	\N		\N	99ec8b10-3f3b-48d9-81a7-d2eb8bc388aa
321	2019-03-12 19:12:59.06577+00	2019-03-12 19:12:59.065786+00	verbose	f	f	35a26977-9d8e-4003-87ce-e6e482492d14					1	0	0	1	73	\N		\N	
322	2019-03-12 19:12:59.06594+00	2019-03-12 19:12:59.065963+00	verbose	f	f	56042dff-ea1c-4837-bf41-07f6e0d5323d					2	0	1	2	73	\N		\N	
323	2019-03-12 19:12:59.066062+00	2019-03-12 19:12:59.066088+00	verbose	f	f	f8807125-9eae-439f-a618-033463be492a					3	0	2	3	73	\N		\N	
324	2019-03-12 19:12:59.070222+00	2019-03-12 19:12:59.070237+00	verbose	f	f	30bb1b0d-c3b0-4859-8d05-100eb2960702					4	0	3	4	73	\N		\N	
325	2019-03-12 19:12:59.020981+00	2019-03-12 19:12:59.112137+00	playbook_on_start	f	f	5694adc2-693a-4f56-a5fc-eebad323bd2e	ping.yml				7	0	6	6	73	\N		\N	
326	2019-03-12 19:12:59.112623+00	2019-03-12 19:12:59.112646+00	verbose	f	f	e3af9ff0-0827-4f3c-bd9a-332919e75e22					5	0	4	5	73	\N		\N	
327	2019-03-12 19:12:59.083129+00	2019-03-12 19:12:59.114052+00	playbook_on_stats	f	f	3cdfd053-06a0-447b-9a25-e5ba12360437	ping.yml				10	0	9	12	73	\N		\N	5694adc2-693a-4f56-a5fc-eebad323bd2e
328	2019-03-12 19:12:59.11557+00	2019-03-12 19:12:59.115594+00	verbose	f	f	7d0a6ddf-43ad-40a2-8d7c-435169bc873b					6	0	5	6	73	\N		\N	
329	2019-03-12 19:12:59.081193+00	2019-03-12 19:12:59.154191+00	playbook_on_play_start	f	f	0242ac12-0005-9738-8548-000000000005	ping.yml	all			8	0	6	8	73	\N		\N	5694adc2-693a-4f56-a5fc-eebad323bd2e
330	2019-03-12 19:12:59.081873+00	2019-03-12 19:12:59.188308+00	playbook_on_no_hosts_matched	f	f	aa70c9e5-6835-4ac3-a95f-3fd0bba7a5b1	ping.yml	all			9	0	8	9	73	\N		\N	0242ac12-0005-9738-8548-000000000005
331	2019-03-12 19:13:01.907823+00	2019-03-12 19:13:01.907839+00	verbose	f	f	4005ad27-ec86-43e7-bdd4-62932f24923c					1	0	0	1	74	\N		\N	
332	2019-03-12 19:13:01.911886+00	2019-03-12 19:13:01.911901+00	verbose	f	f	0f0b0207-dcbd-4e2f-b606-fb789ea255e4					3	0	2	3	74	\N		\N	
333	2019-03-12 19:13:01.911718+00	2019-03-12 19:13:01.911743+00	verbose	f	f	fbfb383d-c158-4828-8807-3e468a014597					2	0	1	2	74	\N		\N	
334	2019-03-12 19:13:01.915803+00	2019-03-12 19:13:01.915818+00	verbose	f	f	34206e7b-a046-48bc-a6ff-2bd15fa556c0					4	0	3	4	74	\N		\N	
335	2019-03-12 19:13:01.957468+00	2019-03-12 19:13:01.957484+00	verbose	f	f	7b36990c-4d6c-4c92-b2ee-7d2557d72c1b					5	0	4	5	74	\N		\N	
336	2019-03-12 19:13:01.962058+00	2019-03-12 19:13:01.962082+00	verbose	f	f	b7d3381e-4b43-4b59-96f3-b717db3d6a4d					6	0	5	6	74	\N		\N	
337	2019-03-12 19:13:01.877254+00	2019-03-12 19:13:01.961015+00	playbook_on_start	f	f	6a3a4f9b-a8c5-4820-8a3c-139eb690ddcb	cat_file.yml				7	0	6	6	74	\N		\N	
338	2019-03-12 19:13:01.92796+00	2019-03-12 19:13:01.96484+00	playbook_on_no_hosts_matched	f	f	ba7a13ec-37d8-4e4d-960c-7be6b0a4079c	cat_file.yml	all			9	0	8	9	74	\N		\N	0242ac12-0005-5e22-5f13-000000000005
339	2019-03-12 19:13:01.9273+00	2019-03-12 19:13:01.996082+00	playbook_on_play_start	f	f	0242ac12-0005-5e22-5f13-000000000005	cat_file.yml	all			8	0	6	8	74	\N		\N	6a3a4f9b-a8c5-4820-8a3c-139eb690ddcb
340	2019-03-12 19:13:01.929546+00	2019-03-12 19:13:01.99823+00	playbook_on_stats	f	f	3ef9cf5b-26dc-499b-be89-0dbed25c27c7	cat_file.yml				10	0	9	12	74	\N		\N	6a3a4f9b-a8c5-4820-8a3c-139eb690ddcb
341	2019-03-12 19:13:11.406864+00	2019-03-12 19:13:11.406887+00	verbose	f	f	d3c685e7-2e25-49e3-a638-8e30a6cb1c20					1	0	0	1	79	\N		\N	
342	2019-03-12 19:13:11.411892+00	2019-03-12 19:13:11.411918+00	verbose	f	f	3da68d67-e027-4d81-b64a-b73279434def					2	0	1	2	79	\N		\N	
343	2019-03-12 19:13:11.415665+00	2019-03-12 19:13:11.415689+00	verbose	f	f	ed430c6c-f398-4d0f-8ddb-f9af7ad2b6f0					4	0	3	4	79	\N		\N	
344	2019-03-12 19:13:11.416466+00	2019-03-12 19:13:11.416489+00	verbose	f	f	9d80d510-f26b-4254-b46c-e4f5d2a58f64					3	0	2	3	79	\N		\N	
345	2019-03-12 19:13:11.461402+00	2019-03-12 19:13:11.461427+00	verbose	f	f	ec2b4ef4-d710-4cb5-8912-469f90a25a01					5	0	4	5	79	\N		\N	
346	2019-03-12 19:13:11.472236+00	2019-03-12 19:13:11.472258+00	verbose	f	f	0093d008-1c81-40f0-8ded-55553bfe47e4					6	0	5	6	79	\N		\N	
347	2019-03-12 19:13:11.363774+00	2019-03-12 19:13:11.47247+00	playbook_on_start	f	f	4ddce712-e617-482d-b991-f4eaab8a2aff	gather_facts.yml				7	0	6	6	79	\N		\N	
348	2019-03-12 19:13:11.419985+00	2019-03-12 19:13:11.513525+00	playbook_on_play_start	f	f	0242ac12-0005-1299-5ed5-000000000005	gather_facts.yml	all			8	0	6	8	79	\N		\N	4ddce712-e617-482d-b991-f4eaab8a2aff
349	2019-03-12 19:13:11.422102+00	2019-03-12 19:13:11.520614+00	playbook_on_stats	f	f	6f52437f-8aa3-4c8e-b584-3ddc6b6203e3	gather_facts.yml				10	0	9	12	79	\N		\N	4ddce712-e617-482d-b991-f4eaab8a2aff
350	2019-03-12 19:13:11.420614+00	2019-03-12 19:13:11.551388+00	playbook_on_no_hosts_matched	f	f	b702e41e-acc1-4c9a-ac25-b4cab6214121	gather_facts.yml	all			9	0	8	9	79	\N		\N	0242ac12-0005-1299-5ed5-000000000005
351	2019-03-12 19:13:14.948347+00	2019-03-12 19:13:14.948372+00	verbose	f	f	761b15d6-84df-4a70-8112-2eae5b06b63c					2	0	1	2	80	\N		\N	
352	2019-03-12 19:13:14.951722+00	2019-03-12 19:13:14.951746+00	verbose	f	f	b3022762-7dc1-4931-8815-75ef4a91a043					4	0	3	4	80	\N		\N	
353	2019-03-12 19:13:14.951954+00	2019-03-12 19:13:14.951978+00	verbose	f	f	3ae91435-7665-4be5-b19a-2ac0fa219b71					1	0	0	1	80	\N		\N	
354	2019-03-12 19:13:14.954761+00	2019-03-12 19:13:14.954775+00	verbose	f	f	4438c8d6-3795-441e-9ac7-435b2ba20d61					3	0	2	3	80	\N		\N	
355	2019-03-12 19:13:14.999397+00	2019-03-12 19:13:14.999422+00	verbose	f	f	24251252-5d8b-4df6-8a7f-26efa5872817					6	0	5	6	80	\N		\N	
356	2019-03-12 19:13:14.999749+00	2019-03-12 19:13:14.999763+00	verbose	f	f	ce242732-903a-4442-ab71-754ec3941004					5	0	4	5	80	\N		\N	
357	2019-03-12 19:13:14.955901+00	2019-03-12 19:13:15.009542+00	playbook_on_no_hosts_matched	f	f	5b388e29-587e-418f-9963-cf24bb321408	ping.yml	all			9	0	8	9	80	\N		\N	0242ac12-0005-9a81-6d97-000000000005
358	2019-03-12 19:13:14.902217+00	2019-03-12 19:13:15.040922+00	playbook_on_start	f	f	b160dcee-32ce-4d9a-a7ea-4e631e7f1a0d	ping.yml				7	0	6	6	80	\N		\N	
359	2019-03-12 19:13:14.957062+00	2019-03-12 19:13:15.043085+00	playbook_on_stats	f	f	821caa5c-db07-43fd-9598-f0c58ad66cca	ping.yml				10	0	9	12	80	\N		\N	b160dcee-32ce-4d9a-a7ea-4e631e7f1a0d
360	2019-03-12 19:13:14.955217+00	2019-03-12 19:13:15.082991+00	playbook_on_play_start	f	f	0242ac12-0005-9a81-6d97-000000000005	ping.yml	all			8	0	6	8	80	\N		\N	b160dcee-32ce-4d9a-a7ea-4e631e7f1a0d
361	2019-03-12 19:13:17.646913+00	2019-03-12 19:13:17.646927+00	verbose	f	f	533b3bd3-6222-496c-a8cf-dd5bc975d305					3	0	2	3	81	\N		\N	
362	2019-03-12 19:13:17.652706+00	2019-03-12 19:13:17.652722+00	verbose	f	f	7ce37a11-2baa-4699-8494-bf4f0705fda6					1	0	0	1	81	\N		\N	
363	2019-03-12 19:13:17.653589+00	2019-03-12 19:13:17.653611+00	verbose	f	f	84523d92-292d-422e-9d6a-44082f7d9bf1					4	0	3	4	81	\N		\N	
364	2019-03-12 19:13:17.653656+00	2019-03-12 19:13:17.65368+00	verbose	f	f	2a821fb1-91e3-4c17-a322-51478a22e2b3					2	0	1	2	81	\N		\N	
365	2019-03-12 19:13:17.614826+00	2019-03-12 19:13:17.691647+00	playbook_on_start	f	f	6ff734f4-1cec-4261-8c9d-fae9f45ca660	cat_file.yml				7	0	6	6	81	\N		\N	
366	2019-03-12 19:13:17.692994+00	2019-03-12 19:13:17.693009+00	verbose	f	f	640c7f33-7cdd-402e-9fe8-3cfce7aade18					6	0	5	6	81	\N		\N	
367	2019-03-12 19:13:17.693564+00	2019-03-12 19:13:17.69359+00	verbose	f	f	f0a742a0-cab4-43a1-82fe-4cb2f1a2aa79					5	0	4	5	81	\N		\N	
368	2019-03-12 19:13:17.67059+00	2019-03-12 19:13:17.696653+00	playbook_on_play_start	f	f	0242ac12-0005-e940-fe6e-000000000005	cat_file.yml	all			8	0	6	8	81	\N		\N	6ff734f4-1cec-4261-8c9d-fae9f45ca660
369	2019-03-12 19:13:17.671298+00	2019-03-12 19:13:17.727914+00	playbook_on_no_hosts_matched	f	f	6fe6e277-89a1-4ac1-aeed-8c5a5fc42f94	cat_file.yml	all			9	0	8	9	81	\N		\N	0242ac12-0005-e940-fe6e-000000000005
370	2019-03-12 19:13:17.672757+00	2019-03-12 19:13:17.732834+00	playbook_on_stats	f	f	153f12fd-55a0-407f-ab7a-457243058dc3	cat_file.yml				10	0	9	12	81	\N		\N	6ff734f4-1cec-4261-8c9d-fae9f45ca660
371	2019-03-12 19:13:27.196919+00	2019-03-12 19:13:27.196934+00	verbose	f	f	4340a590-64ca-47b1-99dd-78993324ce28					1	0	0	1	86	\N		\N	
372	2019-03-12 19:13:27.199758+00	2019-03-12 19:13:27.19978+00	verbose	f	f	894a5e63-2226-4a81-90d2-f572811300d8					3	0	2	3	86	\N		\N	
373	2019-03-12 19:13:27.201755+00	2019-03-12 19:13:27.201779+00	verbose	f	f	b9781d87-aad0-4a39-af1c-b398afd07025					2	0	1	2	86	\N		\N	
374	2019-03-12 19:13:27.204401+00	2019-03-12 19:13:27.204416+00	verbose	f	f	751706f9-e377-4479-ae07-a898cd4670a8					4	0	3	4	86	\N		\N	
375	2019-03-12 19:13:27.244226+00	2019-03-12 19:13:27.244241+00	verbose	f	f	2aa6559a-c5c1-4748-92f8-25bc9ce0ff49					5	0	4	5	86	\N		\N	
376	2019-03-12 19:13:27.24979+00	2019-03-12 19:13:27.249811+00	verbose	f	f	fddfce58-8722-4388-9825-3f600a14d9b4					6	0	5	6	86	\N		\N	
377	2019-03-12 19:13:27.160783+00	2019-03-12 19:13:27.250233+00	playbook_on_start	f	f	7ca8b788-b8d3-4545-abe8-6c27dfafb670	gather_facts.yml				7	0	6	6	86	\N		\N	
378	2019-03-12 19:13:27.211564+00	2019-03-12 19:13:27.254826+00	playbook_on_play_start	f	f	0242ac12-0005-3386-7819-000000000005	gather_facts.yml	all			8	0	6	8	86	\N		\N	7ca8b788-b8d3-4545-abe8-6c27dfafb670
379	2019-03-12 19:13:27.212353+00	2019-03-12 19:13:27.287195+00	playbook_on_no_hosts_matched	f	f	d58986ed-13b5-43bb-b32d-501fbc56ccb3	gather_facts.yml	all			9	0	8	9	86	\N		\N	0242ac12-0005-3386-7819-000000000005
380	2019-03-12 19:13:27.214205+00	2019-03-12 19:13:27.330491+00	playbook_on_stats	f	f	c7002d5e-0e82-4893-a973-0a3845ef34cb	gather_facts.yml				10	0	9	12	86	\N		\N	7ca8b788-b8d3-4545-abe8-6c27dfafb670
381	2019-03-12 19:13:30.12795+00	2019-03-12 19:13:30.12797+00	verbose	f	f	e41b3bc1-9736-493b-aa3b-61697d95871b					1	0	0	1	87	\N		\N	
382	2019-03-12 19:13:30.130984+00	2019-03-12 19:13:30.130999+00	verbose	f	f	44adb025-7faf-4de8-9a19-df51a2146993					2	0	1	2	87	\N		\N	
383	2019-03-12 19:13:30.135909+00	2019-03-12 19:13:30.135939+00	verbose	f	f	297ecb21-9df4-4642-aa42-2ff0e5646487					4	0	3	4	87	\N		\N	
384	2019-03-12 19:13:30.137662+00	2019-03-12 19:13:30.137686+00	verbose	f	f	b446ac16-a87f-49ed-8730-432244f0d84d					3	0	2	3	87	\N		\N	
385	2019-03-12 19:13:30.171407+00	2019-03-12 19:13:30.171429+00	verbose	f	f	9dd65425-c7ee-4d57-b9cd-f42da611996b					5	0	4	5	87	\N		\N	
386	2019-03-12 19:13:30.174219+00	2019-03-12 19:13:30.174234+00	verbose	f	f	26da0682-b1ed-4cea-9f80-82fbbf3da03d					6	0	5	6	87	\N		\N	
387	2019-03-12 19:13:30.090586+00	2019-03-12 19:13:30.184886+00	playbook_on_start	f	f	f504767e-23cf-4c3b-b750-922178b5e00f	ping.yml				7	0	6	6	87	\N		\N	
388	2019-03-12 19:13:30.146146+00	2019-03-12 19:13:30.18742+00	playbook_on_no_hosts_matched	f	f	0f43e4a2-287e-4dc6-a349-d8cc14242058	ping.yml	all			9	0	8	9	87	\N		\N	0242ac12-0005-7f6f-1d3e-000000000005
389	2019-03-12 19:13:30.145311+00	2019-03-12 19:13:30.219094+00	playbook_on_play_start	f	f	0242ac12-0005-7f6f-1d3e-000000000005	ping.yml	all			8	0	6	8	87	\N		\N	f504767e-23cf-4c3b-b750-922178b5e00f
390	2019-03-12 19:13:30.147668+00	2019-03-12 19:13:30.234493+00	playbook_on_stats	f	f	6372bd6a-4099-44e2-bd9c-b23ba169abda	ping.yml				10	0	9	12	87	\N		\N	f504767e-23cf-4c3b-b750-922178b5e00f
391	2019-03-12 19:13:33.349101+00	2019-03-12 19:13:33.349124+00	verbose	f	f	272ce098-1092-45b1-af86-7d00e190de35					3	0	2	3	88	\N		\N	
392	2019-03-12 19:13:33.349101+00	2019-03-12 19:13:33.349124+00	verbose	f	f	732aa63e-d867-475d-9221-8ac7e155a9bf					1	0	0	1	88	\N		\N	
393	2019-03-12 19:13:33.349313+00	2019-03-12 19:13:33.349326+00	verbose	f	f	39161340-bfd3-4e6a-8c31-2170bc3c6b6d					2	0	1	2	88	\N		\N	
394	2019-03-12 19:13:33.355518+00	2019-03-12 19:13:33.355542+00	verbose	f	f	3457d2b6-6132-4ee4-8fa9-f7793e7f1505					4	0	3	4	88	\N		\N	
395	2019-03-12 19:13:33.363839+00	2019-03-12 19:13:33.390986+00	playbook_on_play_start	f	f	0242ac12-0005-c71a-406f-000000000005	cat_file.yml	all			8	0	6	8	88	\N		\N	04d6fc08-85e3-4efa-ac46-22b038c5ceff
396	2019-03-12 19:13:33.391689+00	2019-03-12 19:13:33.391713+00	verbose	f	f	816159da-7d49-4b8f-b720-79b23c4d696a					5	0	4	5	88	\N		\N	
397	2019-03-12 19:13:33.394429+00	2019-03-12 19:13:33.394452+00	verbose	f	f	21025aeb-e6cb-40a6-9726-cb81927175ba					6	0	5	6	88	\N		\N	
398	2019-03-12 19:13:33.364368+00	2019-03-12 19:13:33.403309+00	playbook_on_no_hosts_matched	f	f	7b4dd2d7-2359-4103-b152-347ce4e9597a	cat_file.yml	all			9	0	8	9	88	\N		\N	0242ac12-0005-c71a-406f-000000000005
399	2019-03-12 19:13:33.316459+00	2019-03-12 19:13:33.4266+00	playbook_on_start	f	f	04d6fc08-85e3-4efa-ac46-22b038c5ceff	cat_file.yml				7	0	6	6	88	\N		\N	
400	2019-03-12 19:13:33.365404+00	2019-03-12 19:13:33.45773+00	playbook_on_stats	f	f	bf7d1a55-340c-40bd-8b7c-2bba435e1a63	cat_file.yml				10	0	9	12	88	\N		\N	04d6fc08-85e3-4efa-ac46-22b038c5ceff
